timestamp,cpu_avg,core_0,core_1,core_2,core_3,core_4,core_5,core_6,core_7,core_8,core_9,core_10,core_11,core_12,core_13,core_14,core_15,ram_pct
2026-05-02T23:17:11.226332,0.375,1.0,0.0,0.0,0.0,1.0,0.0,0.0,0.0,0.0,1.0,1.0,0.0,0.0,0.0,2.0,0.0,9.0
2026-05-02T23:17:12.227726,0.25,0.0,0.0,0.0,0.0,2.0,0.0,0.0,2.0,0.0,0.0,0.0,0.0,0.0,0.0,0.0,0.0,9.0
2026-05-02T23:17:13.229059,0.4375,1.0,0.0,1.0,0.0,1.0,0.0,0.0,2.0,0.0,1.0,0.0,0.0,1.0,0.0,0.0,0.0,9.0
2026-05-02T23:17:14.229934,0.0625,0.0,0.0,0.0,0.0,0.0,0.0,0.0,0.0,0.0,0.0,1.0,0.0,0.0,0.0,0.0,0.0,9.0
2026-05-02T23:17:15.231197,0.5,2.0,0.0,0.0,0.0,2.0,0.0,0.0,3.0,0.0,0.0,1.0,0.0,0.0,0.0,0.0,0.0,9.0
2026-05-02T23:17:16.232418,0.0625,0.0,0.0,0.0,0.0,1.0,0.0,0.0,0.0,0.0,0.0,0.0,0.0,0.0,0.0,0.0,0.0,9.0
2026-05-02T23:17:17.233499,0.3125,1.0,0.0,0.0,0.0,0.0,0.0,0.0,2.0,0.0,0.0,1.0,0.0,0.0,0.0,0.0,1.0,9.0
2026-05-02T23:17:18.234645,0.0625,0.0,0.0,0.0,0.0,1.0,0.0,0.0,0.0,0.0,0.0,0.0,0.0,0.0,0.0,0.0,0.0,9.0
2026-05-02T23:17:19.235835,0.4375,1.0,1.0,0.0,0.0,1.0,0.0,0.0,2.0,1.0,0.0,0.0,0.0,0.0,0.0,1.0,0.0,9.0
2026-05-02T23:17:20.236756,0.375,1.0,0.0,0.0,0.0,0.0,0.0,0.0,2.0,2.0,0.0,0.0,0.0,0.0,0.0,1.0,0.0,9.0
2026-05-02T23:17:21.238196,4.39375,2.9,13.0,0.0,11.9,13.7,0.0,11.9,0.0,3.0,0.0,12.9,0.0,0.0,0.0,1.0,0.0,8.6
2026-05-02T23:17:22.239377,0.3125,0.0,1.0,0.0,1.0,1.0,0.0,1.0,0.0,0.0,0.0,1.0,0.0,0.0,0.0,0.0,0.0,8.6
2026-05-02T23:17:23.240749,0.86875,2.9,0.0,2.0,0.0,1.0,0.0,0.0,4.0,2.0,1.0,0.0,0.0,0.0,0.0,1.0,0.0,8.6
2026-05-02T23:17:24.242033,0.3125,0.0,0.0,2.0,0.0,0.0,0.0,0.0,0.0,0.0,0.0,0.0,0.0,1.0,0.0,1.0,1.0,8.6
2026-05-02T23:17:25.243159,0.80625,1.0,0.0,1.0,0.0,3.0,0.0,0.0,4.9,0.0,0.0,2.0,0.0,0.0,0.0,1.0,0.0,8.6
2026-05-02T23:17:26.244697,0.0,0.0,0.0,0.0,0.0,0.0,0.0,0.0,0.0,0.0,0.0,0.0,0.0,0.0,0.0,0.0,0.0,8.6
2026-05-02T23:17:27.245763,0.4375,1.0,0.0,0.0,0.0,1.0,0.0,0.0,1.0,0.0,0.0,1.0,0.0,2.0,0.0,1.0,0.0,8.6
2026-05-02T23:17:28.246697,0.0625,0.0,0.0,0.0,0.0,1.0,0.0,0.0,0.0,0.0,0.0,0.0,0.0,0.0,0.0,0.0,0.0,8.6
2026-05-02T23:17:29.247849,0.5,2.0,0.0,2.0,0.0,0.0,0.0,0.0,2.0,1.0,0.0,0.0,0.0,0.0,0.0,1.0,0.0,8.6
2026-05-02T23:17:30.248868,0.1875,0.0,0.0,0.0,0.0,2.0,0.0,1.0,0.0,0.0,0.0,0.0,0.0,0.0,0.0,0.0,0.0,8.6
2026-05-02T23:17:31.250045,0.875,4.0,0.0,2.0,0.0,1.0,1.0,3.0,0.0,0.0,0.0,1.0,0.0,0.0,0.0,2.0,0.0,8.6
2026-05-02T23:17:32.251187,0.1875,0.0,0.0,0.0,0.0,2.0,0.0,0.0,0.0,1.0,0.0,0.0,0.0,0.0,0.0,0.0,0.0,8.6
2026-05-02T23:17:33.252481,0.125,0.0,0.0,0.0,0.0,0.0,0.0,0.0,0.0,0.0,0.0,0.0,0.0,1.0,0.0,1.0,0.0,8.6
2026-05-02T23:17:34.253689,0.75,2.0,1.0,1.0,0.0,1.0,1.0,4.0,0.0,0.0,0.0,1.0,0.0,0.0,0.0,0.0,1.0,8.6
2026-05-02T23:17:35.254811,0.0625,0.0,0.0,0.0,0.0,1.0,0.0,0.0,0.0,0.0,0.0,0.0,0.0,0.0,0.0,0.0,0.0,8.6
2026-05-02T23:17:36.255888,0.1875,1.0,0.0,0.0,0.0,1.0,0.0,1.0,0.0,0.0,0.0,0.0,0.0,0.0,0.0,0.0,0.0,8.6
2026-05-02T23:17:37.257190,0.6875,1.0,0.0,8.0,0.0,0.0,0.0,0.0,0.0,0.0,0.0,0.0,0.0,1.0,0.0,1.0,0.0,8.6
2026-05-02T23:17:38.258079,0.5,2.0,0.0,2.0,0.0,2.0,0.0,0.0,2.0,0.0,0.0,0.0,0.0,0.0,0.0,0.0,0.0,8.7
2026-05-02T23:17:39.259375,0.1875,0.0,0.0,0.0,1.0,1.0,0.0,0.0,0.0,0.0,0.0,0.0,0.0,0.0,0.0,1.0,0.0,8.7
2026-05-02T23:17:40.260598,0.4375,1.0,0.0,1.0,0.0,2.0,0.0,0.0,2.0,0.0,0.0,0.0,0.0,0.0,0.0,1.0,0.0,8.7
2026-05-02T23:17:41.262145,0.0625,0.0,0.0,0.0,0.0,0.0,0.0,0.0,0.0,0.0,0.0,0.0,0.0,0.0,0.0,0.0,1.0,8.7
2026-05-02T23:17:42.263417,0.4375,2.0,0.0,1.0,0.0,0.0,0.0,0.0,2.0,0.0,0.0,0.0,0.0,1.0,0.0,1.0,0.0,8.7
2026-05-02T23:17:43.264568,0.125,0.0,0.0,0.0,0.0,1.0,0.0,0.0,0.0,1.0,0.0,0.0,0.0,0.0,0.0,0.0,0.0,8.7
2026-05-02T23:17:44.266115,0.375,0.0,0.0,0.0,0.0,1.0,0.0,0.0,3.0,0.0,0.0,1.0,0.0,0.0,0.0,1.0,0.0,8.6
2026-05-02T23:17:45.267277,0.0,0.0,0.0,0.0,0.0,0.0,0.0,0.0,0.0,0.0,0.0,0.0,0.0,0.0,0.0,0.0,0.0,8.6
2026-05-02T23:17:46.268336,0.7375,3.8,0.0,0.0,0.0,2.0,0.0,0.0,2.0,0.0,1.0,2.0,0.0,0.0,0.0,0.0,1.0,8.7
2026-05-02T23:17:47.269878,0.0625,0.0,0.0,0.0,0.0,0.0,0.0,0.0,0.0,1.0,0.0,0.0,0.0,0.0,0.0,0.0,0.0,8.7
2026-05-02T23:17:48.271213,0.5625,2.0,0.0,1.0,0.0,2.0,0.0,0.0,3.0,0.0,0.0,1.0,0.0,0.0,0.0,0.0,0.0,8.6
2026-05-02T23:17:49.272409,0.0625,1.0,0.0,0.0,0.0,0.0,0.0,0.0,0.0,0.0,0.0,0.0,0.0,0.0,0.0,0.0,0.0,8.6
2026-05-02T23:17:50.273769,0.8125,2.0,0.0,1.0,0.0,3.0,0.0,0.0,4.0,0.0,0.0,1.0,0.0,0.0,0.0,0.0,2.0,8.7
2026-05-02T23:17:51.275551,0.1875,1.0,0.0,0.0,0.0,0.0,0.0,0.0,0.0,1.0,0.0,0.0,0.0,0.0,0.0,1.0,0.0,8.7
2026-05-02T23:17:52.276460,0.49375,0.0,0.0,0.0,0.0,1.0,0.0,0.0,3.9,0.0,2.0,1.0,0.0,0.0,0.0,0.0,0.0,8.7
2026-05-02T23:17:53.277780,0.125,0.0,0.0,0.0,0.0,0.0,0.0,0.0,0.0,0.0,0.0,0.0,0.0,0.0,0.0,1.0,1.0,8.7
2026-05-02T23:17:54.278804,0.5,1.0,0.0,1.0,0.0,1.0,0.0,0.0,1.0,1.0,0.0,1.0,0.0,0.0,1.0,0.0,1.0,8.7
2026-05-02T23:17:55.279857,0.0,0.0,0.0,0.0,0.0,0.0,0.0,0.0,0.0,0.0,0.0,0.0,0.0,0.0,0.0,0.0,0.0,8.7
2026-05-02T23:17:56.281251,0.625,1.0,0.0,2.0,0.0,1.0,0.0,0.0,2.0,1.0,0.0,2.0,0.0,0.0,0.0,1.0,0.0,8.7
2026-05-02T23:17:57.282343,0.1875,1.0,0.0,0.0,0.0,1.0,0.0,0.0,0.0,0.0,0.0,0.0,0.0,0.0,0.0,1.0,0.0,8.7
2026-05-02T23:17:58.283636,0.3125,1.0,0.0,0.0,0.0,0.0,0.0,0.0,2.0,0.0,0.0,1.0,0.0,0.0,0.0,1.0,0.0,8.7
2026-05-02T23:17:59.284853,0.125,0.0,0.0,0.0,0.0,0.0,0.0,0.0,0.0,1.0,0.0,1.0,0.0,0.0,0.0,0.0,0.0,8.7
2026-05-02T23:18:00.285925,0.5625,1.0,0.0,2.0,0.0,1.0,0.0,0.0,3.0,0.0,0.0,1.0,0.0,0.0,0.0,1.0,0.0,8.7
2026-05-02T23:18:01.287254,0.125,0.0,0.0,0.0,0.0,1.0,0.0,0.0,0.0,0.0,0.0,1.0,0.0,0.0,0.0,0.0,0.0,8.7
2026-05-02T23:18:02.288342,0.55625,2.9,0.0,1.0,0.0,0.0,0.0,0.0,2.0,2.0,0.0,1.0,0.0,0.0,0.0,0.0,0.0,8.7
2026-05-02T23:18:03.289785,0.1875,0.0,0.0,1.0,0.0,1.0,0.0,0.0,0.0,0.0,0.0,0.0,0.0,0.0,0.0,0.0,1.0,8.6
2026-05-02T23:18:04.290922,0.4375,1.0,0.0,1.0,0.0,0.0,0.0,0.0,2.0,1.0,0.0,1.0,0.0,0.0,0.0,0.0,1.0,8.6
2026-05-02T23:18:05.292165,0.1875,0.0,0.0,0.0,0.0,1.0,0.0,0.0,2.0,0.0,0.0,0.0,0.0,0.0,0.0,0.0,0.0,8.6
2026-05-02T23:18:06.293526,0.85625,4.8,0.0,0.0,0.0,1.0,0.0,0.0,4.9,1.0,0.0,1.0,0.0,0.0,0.0,1.0,0.0,8.6
2026-05-02T23:18:07.294741,0.125,0.0,0.0,0.0,0.0,1.0,0.0,0.0,0.0,1.0,0.0,0.0,0.0,0.0,0.0,0.0,0.0,8.6
2026-05-02T23:18:08.295836,0.3125,1.0,0.0,0.0,0.0,0.0,0.0,0.0,1.0,0.0,0.0,1.0,0.0,0.0,0.0,0.0,2.0,8.6
2026-05-02T23:18:09.297039,0.125,0.0,0.0,0.0,0.0,1.0,0.0,0.0,1.0,0.0,0.0,0.0,0.0,0.0,0.0,0.0,0.0,8.6
2026-05-02T23:18:10.298100,0.4375,1.0,0.0,1.0,0.0,1.0,0.0,0.0,3.0,0.0,0.0,0.0,0.0,0.0,0.0,1.0,0.0,8.6
2026-05-02T23:18:11.299268,0.25,1.0,0.0,0.0,0.0,0.0,1.0,0.0,1.0,1.0,0.0,0.0,0.0,0.0,0.0,0.0,0.0,8.6
2026-05-02T23:18:12.300743,0.125,0.0,0.0,0.0,0.0,1.0,0.0,0.0,0.0,0.0,0.0,0.0,0.0,0.0,0.0,0.0,1.0,8.6
2026-05-02T23:18:13.302069,0.6875,1.0,2.0,1.0,0.0,2.0,0.0,0.0,3.0,1.0,0.0,1.0,0.0,0.0,0.0,0.0,0.0,8.6
2026-05-02T23:18:14.303087,0.0625,0.0,0.0,0.0,0.0,0.0,0.0,1.0,0.0,0.0,0.0,0.0,0.0,0.0,0.0,0.0,0.0,8.6
2026-05-02T23:18:15.304291,0.5,1.0,0.0,1.0,0.0,2.0,0.0,0.0,0.0,2.0,0.0,0.0,1.0,0.0,0.0,1.0,0.0,8.6
2026-05-02T23:18:16.305794,0.0,0.0,0.0,0.0,0.0,0.0,0.0,0.0,0.0,0.0,0.0,0.0,0.0,0.0,0.0,0.0,0.0,8.6
2026-05-02T23:18:17.307004,0.4375,1.0,0.0,0.0,0.0,2.0,0.0,0.0,4.0,0.0,0.0,0.0,0.0,0.0,0.0,0.0,0.0,8.6
2026-05-02T23:18:18.308003,0.0625,0.0,0.0,0.0,0.0,0.0,0.0,0.0,1.0,0.0,0.0,0.0,0.0,0.0,0.0,0.0,0.0,8.6
2026-05-02T23:18:19.309424,0.5,1.0,0.0,1.0,0.0,1.0,0.0,0.0,1.0,1.0,0.0,1.0,0.0,0.0,0.0,1.0,1.0,8.6
2026-05-02T23:18:20.310754,0.1875,0.0,0.0,1.0,0.0,1.0,0.0,0.0,0.0,1.0,0.0,0.0,0.0,0.0,0.0,0.0,0.0,8.6
2026-05-02T23:18:21.312013,0.43125,0.0,0.0,0.0,0.0,1.0,0.0,0.0,1.0,4.9,0.0,0.0,0.0,0.0,0.0,0.0,0.0,8.6
2026-05-02T23:18:22.313427,0.125,0.0,0.0,0.0,0.0,1.0,0.0,0.0,0.0,0.0,0.0,0.0,0.0,0.0,0.0,1.0,0.0,8.6
2026-05-02T23:18:23.314838,0.4375,1.0,0.0,0.0,0.0,1.0,0.0,1.0,0.0,2.0,0.0,1.0,0.0,0.0,0.0,1.0,0.0,8.6
2026-05-02T23:18:24.315907,0.1875,0.0,0.0,1.0,1.0,1.0,0.0,0.0,0.0,0.0,0.0,0.0,0.0,0.0,0.0,0.0,0.0,8.7
2026-05-02T23:18:25.317208,0.4375,0.0,0.0,0.0,0.0,3.0,0.0,0.0,0.0,3.0,1.0,0.0,0.0,0.0,0.0,0.0,0.0,8.6
2026-05-02T23:18:26.318363,0.0625,0.0,0.0,0.0,0.0,0.0,0.0,0.0,0.0,0.0,0.0,0.0,0.0,0.0,0.0,0.0,1.0,8.6
2026-05-02T23:18:27.319751,0.61875,2.0,0.0,1.0,0.0,1.0,0.0,2.0,0.0,1.0,0.0,0.0,0.0,0.0,0.0,2.9,0.0,8.6
2026-05-02T23:18:28.321584,0.1875,1.0,0.0,1.0,0.0,0.0,0.0,0.0,0.0,1.0,0.0,0.0,0.0,0.0,0.0,0.0,0.0,8.6
2026-05-02T23:18:29.322824,0.4375,2.0,0.0,0.0,0.0,1.0,0.0,0.0,0.0,3.0,0.0,1.0,0.0,0.0,0.0,0.0,0.0,8.6
2026-05-02T23:18:30.324086,0.0,0.0,0.0,0.0,0.0,0.0,0.0,0.0,0.0,0.0,0.0,0.0,0.0,0.0,0.0,0.0,0.0,8.6
2026-05-02T23:18:31.325357,0.375,1.0,0.0,0.0,0.0,1.0,0.0,0.0,2.0,1.0,0.0,0.0,0.0,0.0,0.0,1.0,0.0,8.6
2026-05-02T23:18:32.326399,0.125,0.0,0.0,0.0,0.0,0.0,0.0,0.0,1.0,0.0,0.0,0.0,0.0,0.0,0.0,1.0,0.0,8.6
2026-05-02T23:18:33.327566,0.5625,3.0,0.0,0.0,0.0,1.0,0.0,0.0,2.0,1.0,0.0,0.0,0.0,1.0,0.0,1.0,0.0,8.6
